timestamp,latitude,longitude,leg,source_id,source_line,segment
2019-09-20T17:50:00,69.67955,18.99664,1,mosaic-track-1,26,0
2019-09-21T12:00:00,72.14798,26.41001,1,mosaic-track-1,135,0
2019-09-22T12:00:00,75.40777,40.77774,1,mosaic-track-1,279,0
2019-09-23T12:00:00,77.73794,59.1092,1,mosaic-track-1,423,0
2019-09-24T12:00:00,80.22707,79.29926,1,mosaic-track-1,567,0
2019-09-25T12:00:00,80.84614,104.00747,1,mosaic-track-1,711,0
2019-09-26T12:00:00,81.85928,118.36107,1,mosaic-track-1,855,0
2019-09-27T12:00:00,82.04598,120.22059,1,mosaic-track-1,999,0
2019-09-28T12:00:00,82.90819,122.93839,1,mosaic-track-1,1143,0
2019-09-29T12:00:00,84.69726,130.64989,1,mosaic-track-1,1287,0
2019-09-30T12:00:00,85.09931,137.39965,1,mosaic-track-1,1431,0
2019-10-01T12:00:00,85.05188,136.69874,1,mosaic-track-1,1575,0
2019-10-02T12:00:00,85.17341,134.34171,1,mosaic-track-1,1719,0
2019-10-03T12:00:00,85.13583,133.85095,1,mosaic-track-1,1863,0
2019-10-04T11:56:00,85.12304,134.4739,1,mosaic-track-1,2004,0
2019-10-05T11:57:00,85.09912,133.737,1,mosaic-track-1,2148,0
2019-10-06T11:57:00,85.1025,133.85638,1,mosaic-track-1,2292,0
2019-10-07T11:57:00,85.06937,134.59095,1,mosaic-track-1,2436,0
2019-10-08T11:57:00,84.95957,136.22656,1,mosaic-track-1,2580,0
2019-10-09T11:59:00,84.90386,135.90962,1,mosaic-track-1,2724,0
2019-10-10T11:59:00,84.91639,135.25181,1,mosaic-track-1,2868,0
2019-10-11T11:59:00,84.8417,135.66647,1,mosaic-track-1,3012,0
2019-10-12T11:59:00,84.8579,135.66241,1,mosaic-track-1,3156,0
2019-10-13T11:59:00,84.84593,134.82486,1,mosaic-track-1,3300,0
2019-10-14T11:59:00,84.76422,134.43409,1,mosaic-track-1,3444,0
2019-10-15T11:59:00,84.76169,134.28578,1,mosaic-track-1,3588,0
2019-10-16T11:59:00,84.75979,133.48857,1,mosaic-track-1,3732,0
2019-10-17T11:59:00,84.75179,132.92744,1,mosaic-track-1,3876,0
2019-10-18T11:59:00,84.81806,133.13321,1,mosaic-track-1,4020,0
2019-10-19T11:59:00,84.93798,133.08313,1,mosaic-track-1,4164,0
2019-10-20T11:59:00,84.99434,132.67696,1,mosaic-track-1,4308,0
2019-10-21T11:59:00,85.12362,132.51328,1,mosaic-track-1,4452,0
2019-10-22T11:59:00,85.27595,131.18697,1,mosaic-track-1,4596,0
2019-10-23T11:59:00,85.34886,129.84029,1,mosaic-track-1,4740,0
2019-10-24T11:59:00,85.40637,128.92926,1,mosaic-track-1,4884,0
2019-10-25T11:59:00,85.44671,127.87511,1,mosaic-track-1,5028,0
2019-10-26T11:59:00,85.45546,127.38835,1,mosaic-track-1,5172,0
2019-10-27T11:59:00,85.49727,126.86343,1,mosaic-track-1,5316,0
2019-10-28T11:59:00,85.58931,126.14485,1,mosaic-track-1,5460,0
2019-10-29T11:59:00,85.66602,125.19186,1,mosaic-track-1,5604,0
2019-10-30T11:59:00,85.72746,124.25092,1,mosaic-track-1,5748,0
2019-10-31T11:59:00,85.77474,123.41321,1,mosaic-track-1,5892,0
2019-11-01T11:59:00,85.82174,122.81748,1,mosaic-track-1,6036,0
2019-11-02T11:59:00,85.85784,122.42282,1,mosaic-track-1,6180,0
2019-11-03T11:59:00,85.9043,121.2419,1,mosaic-track-1,6324,0
2019-11-04T11:59:00,85.94857,119.73558,1,mosaic-track-1,6468,0
2019-11-05T11:59:00,85.93894,118.44001,1,mosaic-track-1,6612,0
2019-11-06T11:59:00,85.91706,117.43806,1,mosaic-track-1,6756,0
2019-11-07T11:59:00,85.91785,116.61865,1,mosaic-track-1,6900,0
2019-11-08T11:59:00,85.89771,116.04254,1,mosaic-track-1,7044,0
2019-11-09T11:59:00,85.83742,115.78204,1,mosaic-track-1,7188,0
2019-11-10T11:59:00,85.82635,116.14147,1,mosaic-track-1,7332,0
2019-11-11T11:59:00,85.91509,116.5969,1,mosaic-track-1,7476,0
2019-11-12T11:59:00,86.03533,117.56182,1,mosaic-track-1,7620,0
2019-11-13T11:59:00,86.11622,117.9664,1,mosaic-track-1,7764,0
2019-11-14T11:59:00,86.17425,118.24529,1,mosaic-track-1,7908,0
2019-11-15T11:59:00,86.19158,118.48547,1,mosaic-track-1,8052,0
2019-11-16T11:59:00,86.15975,120.93213,1,mosaic-track-1,8196,0
2019-11-17T11:59:00,85.99615,122.50651,1,mosaic-track-1,8340,0
2019-11-18T11:59:00,85.81815,120.5007,1,mosaic-track-1,8484,0
2019-11-19T11:59:00,85.79244,120.77027,1,mosaic-track-1,8628,0
2019-11-20T11:59:00,85.75921,121.51589,1,mosaic-track-1,8772,0
2019-11-21T11:59:00,85.73931,120.89169,1,mosaic-track-1,8916,0
2019-11-22T11:59:00,85.73082,120.62025,1,mosaic-track-1,9060,0
2019-11-23T11:59:00,85.74387,120.50284,1,mosaic-track-1,9204,0
2019-11-24T11:59:00,85.89885,121.34291,1,mosaic-track-1,9348,0
2019-11-25T11:59:00,86.05276,120.50809,1,mosaic-track-1,9492,0
2019-11-26T11:59:00,86.12844,119.09794,1,mosaic-track-1,9636,0
2019-11-27T11:59:00,86.1597,117.91024,1,mosaic-track-1,9780,0
2019-11-28T11:59:00,86.15788,116.61325,1,mosaic-track-1,9924,0
2019-11-29T11:59:00,86.10872,114.21361,1,mosaic-track-1,10068,0
2019-11-30T11:59:00,86.04058,112.85237,1,mosaic-track-1,10212,0
2019-12-01T11:59:00,85.95292,113.1938,1,mosaic-track-1,10356,0
2019-12-02T11:59:00,85.92735,113.98034,1,mosaic-track-1,10500,0
2019-12-03T11:59:00,86.02578,116.26491,1,mosaic-track-1,10644,0
2019-12-04T11:59:00,86.10707,118.76523,1,mosaic-track-1,10788,0
2019-12-05T11:59:00,86.14305,121.14555,1,mosaic-track-1,10932,0
2019-12-06T11:59:00,86.13912,122.29356,1,mosaic-track-1,11076,0
2019-12-07T11:59:00,86.16475,122.10694,1,mosaic-track-1,11220,0
2019-12-08T11:59:00,86.29388,121.28159,1,mosaic-track-1,11364,0
2019-12-09T11:59:00,86.41195,120.89572,1,mosaic-track-1,11508,0
2019-12-10T11:59:00,86.50742,121.04142,1,mosaic-track-1,11652,0
2019-12-11T11:59:00,86.57658,120.698,1,mosaic-track-1,11796,0
2019-12-12T11:59:00,86.59855,120.00946,1,mosaic-track-1,11940,0
2019-12-13T12:04:00,86.59468,119.11829,2,mosaic-track-2,42,0
2019-12-14T12:04:00,86.61315,118.43953,2,mosaic-track-2,186,0
2019-12-15T12:04:00,86.61905,117.95049,2,mosaic-track-2,330,0
2019-12-16T12:04:00,86.59838,116.40742,2,mosaic-track-2,474,0
2019-12-17T12:04:00,86.63637,114.52901,2,mosaic-track-2,618,0
2019-12-18T12:04:00,86.6804,113.5349,2,mosaic-track-2,762,0
2019-12-19T12:04:00,86.67822,112.95059,2,mosaic-track-2,906,0
2019-12-20T12:04:00,86.68027,112.5714,2,mosaic-track-2,1050,0
2019-12-21T12:04:00,86.68733,112.40083,2,mosaic-track-2,1194,0
2019-12-22T12:04:00,86.67091,112.64585,2,mosaic-track-2,1338,0
2019-12-23T12:04:00,86.6399,113.1651,2,mosaic-track-2,1482,0
2019-12-24T12:04:00,86.62367,113.93252,2,mosaic-track-2,1626,0
2019-12-25T12:04:00,86.62489,115.0087,2,mosaic-track-2,1770,0
2019-12-26T12:04:00,86.65388,115.88988,2,mosaic-track-2,1914,0
2019-12-27T12:04:00,86.67898,115.94668,2,mosaic-track-2,2058,0
2019-12-28T12:04:00,86.67321,115.71188,2,mosaic-track-2,2202,0
2019-12-29T12:04:00,86.64389,115.81667,2,mosaic-track-2,2346,0
2019-12-30T12:04:00,86.59647,116.86721,2,mosaic-track-2,2490,0
2019-12-31T12:04:00,86.59137,117.88818,2,mosaic-track-2,2634,0
2020-01-01T12:04:00,86.70561,117.9417,2,mosaic-track-2,2778,0
2020-01-02T12:04:00,86.82671,116.57481,2,mosaic-track-2,2922,0
2020-01-03T12:04:00,86.91501,115.69324,2,mosaic-track-2,3066,0
2020-01-04T12:04:00,87.00713,115.39343,2,mosaic-track-2,3210,0
2020-01-05T12:04:00,87.06988,115.31708,2,mosaic-track-2,3354,0
2020-01-06T12:04:00,87.10365,115.16675,2,mosaic-track-2,3498,0
2020-01-07T12:04:00,87.12053,114.97158,2,mosaic-track-2,3642,0
2020-01-08T12:04:00,87.1133,115.181,2,mosaic-track-2,3786,0
2020-01-09T12:04:00,87.14478,114.23174,2,mosaic-track-2,3930,0
2020-01-10T12:04:00,87.17755,112.72086,2,mosaic-track-2,4074,0
2020-01-11T12:04:00,87.22466,111.04423,2,mosaic-track-2,4218,0
2020-01-12T12:04:00,87.27618,109.37302,2,mosaic-track-2,4362,0
2020-01-13T12:04:00,87.33861,107.02222,2,mosaic-track-2,4506,0
2020-01-14T12:04:00,87.41247,104.9666,2,mosaic-track-2,4650,0
2020-01-15T12:04:00,87.47584,103.20197,2,mosaic-track-2,4794,0
2020-01-16T12:04:00,87.56292,101.5106,2,mosaic-track-2,4938,0
2020-01-17T12:04:00,87.49901,99.20741,2,mosaic-track-2,5082,0
2020-01-18T12:04:00,87.40191,98.2782,2,mosaic-track-2,5226,0
2020-01-19T12:04:00,87.39967,98.38001,2,mosaic-track-2,5370,0
2020-01-20T12:04:00,87.45173,97.3808,2,mosaic-track-2,5514,0
2020-01-21T12:04:00,87.48905,96.09212,2,mosaic-track-2,5658,0
2020-01-22T12:04:00,87.47608,94.88579,2,mosaic-track-2,5802,0
2020-01-23T12:04:00,87.44028,93.93867,2,mosaic-track-2,5946,0
2020-01-24T12:04:00,87.41987,93.08813,2,mosaic-track-2,6090,0
2020-01-25T12:04:00,87.40323,92.81927,2,mosaic-track-2,6234,0
2020-01-26T12:04:00,87.41635,93.7802,2,mosaic-track-2,6378,0
2020-01-27T12:04:00,87.44807,95.78671,2,mosaic-track-2,6522,0
2020-01-28T12:04:00,87.45582,95.73256,2,mosaic-track-2,6666,0
2020-01-29T12:04:00,87.47218,95.15654,2,mosaic-track-2,6810,0
2020-01-30T12:04:00,87.4556,96.53917,2,mosaic-track-2,6954,0
2020-01-31T12:04:00,87.46388,96.33359,2,mosaic-track-2,7098,0
2020-02-01T12:04:00,87.39231,95.65736,2,mosaic-track-2,7242,0
2020-02-02T12:04:00,87.35173,94.71329,2,mosaic-track-2,7386,0
2020-02-03T12:04:00,87.42371,93.4784,2,mosaic-track-2,7530,0
2020-02-04T12:04:00,87.48022,95.32144,2,mosaic-track-2,7674,0
2020-02-05T12:04:00,87.54733,94.80881,2,mosaic-track-2,7818,0
2020-02-06T12:04:00,87.61098,93.95947,2,mosaic-track-2,7962,0
2020-02-07T12:04:00,87.64174,93.78303,2,mosaic-track-2,8106,0
2020-02-08T12:04:00,87.67692,93.78933,2,mosaic-track-2,8250,0
2020-02-09T12:04:00,87.73309,92.91783,2,mosaic-track-2,8394,0
2020-02-10T12:04:00,87.78959,91.70186,2,mosaic-track-2,8538,0
2020-02-11T12:04:00,87.82444,89.78499,2,mosaic-track-2,8682,0
2020-02-12T12:04:00,87.88132,87.42537,2,mosaic-track-2,8826,0
2020-02-13T12:04:00,87.96878,83.96139,2,mosaic-track-2,8970,0
2020-02-14T12:04:00,88.02932,80.2945,2,mosaic-track-2,9114,0
2020-02-15T12:04:00,88.06855,79.79202,2,mosaic-track-2,9258,0
2020-02-16T12:04:00,88.06664,79.74145,2,mosaic-track-2,9402,0
2020-02-17T12:04:00,88.07376,78.83831,2,mosaic-track-2,9546,0
2020-02-18T12:04:00,88.11271,77.03993,2,mosaic-track-2,9690,0
2020-02-19T12:04:00,88.26322,73.00454,2,mosaic-track-2,9834,0
2020-02-20T12:04:00,88.38995,68.63251,2,mosaic-track-2,9978,0
2020-02-21T12:04:00,88.50384,66.41785,2,mosaic-track-2,10122,0
2020-02-22T12:04:00,88.57736,64.53073,2,mosaic-track-2,10266,0
2020-02-23T12:04:00,88.59262,61.25966,2,mosaic-track-2,10410,0
2020-02-24T12:00:00,88.58853,54.40375,3,mosaic-track-3,42,0
2020-02-25T12:00:00,88.56073,45.77189,3,mosaic-track-3,186,0
2020-02-26T12:00:00,88.48884,40.03024,3,mosaic-track-3,330,0
2020-02-27T12:00:00,88.41034,36.68964,3,mosaic-track-3,474,0
2020-02-28T12:00:00,88.34216,33.8429,3,mosaic-track-3,618,0
2020-02-29T12:00:00,88.27517,31.87979,3,mosaic-track-3,762,0
2020-03-01T12:00:00,88.22147,31.39866,3,mosaic-track-3,906,0
2020-03-02T12:00:00,88.18581,31.06595,3,mosaic-track-3,1050,0
2020-03-03T12:00:00,88.13334,30.49616,3,mosaic-track-3,1194,0
2020-03-04T12:00:00,88.09581,30.50139,3,mosaic-track-3,1338,0
2020-03-05T12:00:00,88.09318,30.81784,3,mosaic-track-3,1482,0
2020-03-06T12:00:00,88.10081,29.52059,3,mosaic-track-3,1626,0
2020-03-07T12:00:00,88.06715,26.75195,3,mosaic-track-3,1770,0
2020-03-08T12:00:00,88.01333,25.02496,3,mosaic-track-3,1914,0
2020-03-09T12:01:00,87.88885,24.0123,3,mosaic-track-3,2058,0
2020-03-10T12:01:00,87.73939,24.6766,3,mosaic-track-3,2202,0
2020-03-11T12:01:00,87.66688,24.36265,3,mosaic-track-3,2346,0
2020-03-12T12:01:00,87.52584,21.43976,3,mosaic-track-3,2490,0
2020-03-13T12:01:00,87.30631,18.85025,3,mosaic-track-3,2634,0
2020-03-14T12:01:00,87.13391,17.16839,3,mosaic-track-3,2778,0
2020-03-15T12:01:00,87.06543,15.25848,3,mosaic-track-3,2922,0
2020-03-16T12:01:00,86.89523,12.8424,3,mosaic-track-3,3066,0
2020-03-17T12:01:00,86.7803,12.31205,3,mosaic-track-3,3210,0
2020-03-18T12:01:00,86.68959,12.13562,3,mosaic-track-3,3354,0
2020-03-19T12:01:00,86.53866,13.31232,3,mosaic-track-3,3498,0
2020-03-20T12:01:00,86.32966,14.79173,3,mosaic-track-3,3642,0
2020-03-21T12:01:00,86.25653,15.25315,3,mosaic-track-3,3786,0
2020-03-22T12:01:00,86.227,15.72337,3,mosaic-track-3,3930,0
2020-03-23T12:01:00,86.21111,15.80969,3,mosaic-track-3,4074,0
2020-03-24T12:01:00,86.19169,15.5405,3,mosaic-track-3,4218,0
2020-03-25T12:01:00,86.11141,13.93418,3,mosaic-track-3,4362,0
2020-03-26T12:01:00,85.99838,13.08843,3,mosaic-track-3,4506,0
2020-03-27T12:01:00,85.83021,13.37835,3,mosaic-track-3,4650,0
2020-03-28T12:01:00,85.59021,13.25902,3,mosaic-track-3,4794,0
2020-03-29T12:01:00,85.42513,13.20851,3,mosaic-track-3,4938,0
2020-03-30T12:01:00,85.37579,13.20712,3,mosaic-track-3,5082,0
2020-03-31T12:01:00,85.29713,14.05868,3,mosaic-track-3,5226,0
2020-04-01T12:01:00,85.11309,15.51761,3,mosaic-track-3,5370,0
2020-04-02T12:01:00,84.94595,14.98378,3,mosaic-track-3,5514,0
2020-04-03T12:01:00,84.78868,13.48189,3,mosaic-track-3,5658,0
2020-04-04T12:01:00,84.66018,12.90636,3,mosaic-track-3,5802,0
2020-04-05T12:01:00,84.57808,13.42475,3,mosaic-track-3,5946,0
2020-04-06T12:01:00,84.53377,14.31296,3,mosaic-track-3,6090,0
2020-04-07T12:01:00,84.49882,14.53974,3,mosaic-track-3,6234,0
2020-04-08T12:01:00,84.47844,14.69614,3,mosaic-track-3,6378,0
2020-04-09T12:01:00,84.42813,14.7928,3,mosaic-track-3,6522,0
2020-04-10T12:01:00,84.37891,14.62413,3,mosaic-track-3,6666,0
2020-04-11T12:01:00,84.32257,14.74167,3,mosaic-track-3,6810,0
2020-04-12T12:01:00,84.29128,14.74767,3,mosaic-track-3,6954,0
2020-04-13T12:01:00,84.29334,14.96118,3,mosaic-track-3,7098,0
2020-04-14T12:01:00,84.33944,14.65346,3,mosaic-track-3,7242,0
2020-04-15T12:01:00,84.32643,13.89004,3,mosaic-track-3,7386,0
2020-04-16T12:01:00,84.33552,13.09173,3,mosaic-track-3,7530,0
2020-04-17T12:01:00,84.41686,13.69031,3,mosaic-track-3,7674,0
2020-04-18T12:01:00,84.4739,13.85878,3,mosaic-track-3,7818,0
2020-04-19T12:01:00,84.59001,14.72789,3,mosaic-track-3,7962,0
2020-04-20T12:01:00,84.53649,14.57841,3,mosaic-track-3,8106,0
2020-04-21T12:01:00,84.29164,15.23931,3,mosaic-track-3,8250,0
2020-04-22T12:01:00,84.11992,15.9403,3,mosaic-track-3,8394,0
2020-04-23T12:01:00,84.07238,16.02947,3,mosaic-track-3,8538,0
2020-04-24T12:01:00,84.05303,15.89743,3,mosaic-track-3,8682,0
2020-04-25T12:01:00,84.00022,15.58908,3,mosaic-track-3,8826,0
2020-04-26T12:01:00,83.92605,15.50797,3,mosaic-track-3,8970,0
2020-04-27T12:01:00,83.93358,15.63435,3,mosaic-track-3,9114,0
2020-04-28T12:01:00,84.03635,16.51186,3,mosaic-track-3,9258,0
2020-04-29T12:01:00,84.00871,17.24106,3,mosaic-track-3,9402,0
2020-04-30T12:01:00,83.93272,17.49072,3,mosaic-track-3,9546,0
2020-05-01T12:01:00,83.9201,17.6826,3,mosaic-track-3,9690,0
2020-05-02T12:01:00,83.90273,17.56971,3,mosaic-track-3,9834,0
2020-05-03T12:01:00,83.88526,17.94214,3,mosaic-track-3,9978,0
2020-05-04T12:01:00,83.90635,18.34784,3,mosaic-track-3,10122,0
2020-05-05T12:01:00,83.92157,18.09907,3,mosaic-track-3,10266,0
2020-05-06T12:01:00,83.92085,17.67961,3,mosaic-track-3,10410,0
2020-05-07T12:01:00,83.93337,16.67132,3,mosaic-track-3,10554,0
2020-05-08T12:01:00,83.8518,15.20561,3,mosaic-track-3,10698,0
2020-05-09T12:01:00,83.77083,13.96681,3,mosaic-track-3,10842,0
2020-05-10T12:01:00,83.65907,13.46459,3,mosaic-track-3,10986,0
2020-05-11T12:01:00,83.49678,13.11198,3,mosaic-track-3,11130,0
2020-05-12T12:01:00,83.4235,12.67391,3,mosaic-track-3,11274,0
2020-05-13T12:01:00,83.36956,10.5394,3,mosaic-track-3,11418,0
2020-05-14T12:01:00,83.39213,9.88383,3,mosaic-track-3,11562,0
2020-05-15T12:01:00,83.3896,9.30629,3,mosaic-track-3,11706,0
2020-05-16T12:01:00,83.39152,9.11143,3,mosaic-track-3,11850,0
2020-05-17T12:01:00,83.37054,9.01223,3,mosaic-track-3,11994,0
2020-05-18T12:01:00,83.32452,8.68858,3,mosaic-track-3,12138,0
2020-05-19T12:01:00,83.26477,8.87314,3,mosaic-track-3,12282,0
2020-05-20T12:01:00,83.16824,10.00271,3,mosaic-track-3,12426,0
2020-05-21T12:01:00,82.97703,11.06483,3,mosaic-track-3,12570,0
2020-05-22T12:01:00,82.93026,11.61131,3,mosaic-track-3,12714,0
2020-05-23T12:01:00,82.7926,10.51471,3,mosaic-track-3,12858,0
2020-05-24T12:01:00,82.72107,10.22688,3,mosaic-track-3,13002,0
2020-05-25T12:01:00,82.65343,8.84508,3,mosaic-track-3,13146,0
2020-05-26T12:01:00,82.31342,8.17016,3,mosaic-track-3,13290,0
2020-05-27T12:01:00,82.39322,8.34085,3,mosaic-track-3,13434,0
2020-05-28T12:01:00,82.37585,8.35423,3,mosaic-track-3,13578,0
2020-05-29T12:01:00,82.20239,9.12796,3,mosaic-track-3,13722,0
2020-05-30T12:01:00,81.93645,9.44805,3,mosaic-track-3,13866,0
2020-05-31T12:01:00,81.72478,9.91659,3,mosaic-track-3,14010,0
2020-06-01T12:01:00,81.35642,9.91102,3,mosaic-track-3,14154,0
2020-06-02T12:01:00,80.89718,9.58279,3,mosaic-track-3,14298,0
2020-06-03T12:01:00,78.85978,9.24154,3,mosaic-track-3,14442,0
2020-06-04T12:00:00,78.23377,15.62812,4,mosaic-track-4,55,0
2020-06-05T12:00:00,78.23384,15.62428,4,mosaic-track-4,199,0
2020-06-06T12:00:00,78.23476,15.62046,4,mosaic-track-4,343,0
2020-06-07T12:00:00,78.2359,15.6179,4,mosaic-track-4,487,0
2020-06-08T12:00:00,78.23629,15.62748,4,mosaic-track-4,631,0
2020-06-09T12:00:00,80.42868,10.49871,4,mosaic-track-4,775,0
2020-06-10T12:00:00,81.05492,10.96601,4,mosaic-track-4,919,0
2020-06-11T12:00:00,81.66611,9.00969,4,mosaic-track-4,1063,0
2020-06-12T12:00:00,82.12407,8.1078,4,mosaic-track-4,1207,0
2020-06-13T12:00:00,82.15551,7.68307,4,mosaic-track-4,1351,0
2020-06-14T12:00:00,82.04361,7.81682,4,mosaic-track-4,1495,0
2020-06-15T12:00:00,82.01327,8.22999,4,mosaic-track-4,1639,0
2020-06-16T12:00:00,82.19438,8.31394,4,mosaic-track-4,1783,0
2020-06-17T12:00:00,82.14436,8.52103,4,mosaic-track-4,1927,0
2020-06-18T12:00:00,82.07207,8.53938,4,mosaic-track-4,2071,0
2020-06-19T12:00:00,82.02769,8.74251,4,mosaic-track-4,2215,0
2020-06-20T12:00:00,82.02692,9.15124,4,mosaic-track-4,2359,0
2020-06-21T12:00:00,81.98196,9.18758,4,mosaic-track-4,2503,0
2020-06-22T12:00:00,81.96777,9.32557,4,mosaic-track-4,2647,0
2020-06-23T12:00:00,81.99867,9.69658,4,mosaic-track-4,2791,0
2020-06-24T12:00:00,82.03634,9.99008,4,mosaic-track-4,2935,0
2020-06-25T12:00:00,82.05297,10.1802,4,mosaic-track-4,3079,0
2020-06-26T12:00:00,82.02612,10.21354,4,mosaic-track-4,3223,0
2020-06-27T12:00:00,81.94782,9.88196,4,mosaic-track-4,3367,0
2020-06-28T12:00:00,81.8752,9.47871,4,mosaic-track-4,3511,0
2020-06-29T12:00:00,81.82392,9.14358,4,mosaic-track-4,3655,0
2020-06-30T12:00:00,81.79257,8.97517,4,mosaic-track-4,3799,0
2020-07-01T12:00:00,81.76562,8.86829,4,mosaic-track-4,3943,0
2020-07-02T12:00:00,81.72045,8.45943,4,mosaic-track-4,4087,0
2020-07-03T12:00:00,81.67165,7.51521,4,mosaic-track-4,4231,0
2020-07-04T12:00:00,81.70845,6.70453,4,mosaic-track-4,4375,0
2020-07-05T12:00:00,81.69782,6.24978,4,mosaic-track-4,4519,0
2020-07-06T12:00:00,81.68166,5.40897,4,mosaic-track-4,4663,0
2020-07-07T12:00:00,81.6398,4.51334,4,mosaic-track-4,4807,0
2020-07-08T12:00:00,81.59656,3.25034,4,mosaic-track-4,4951,0
2020-07-09T12:00:00,81.54248,2.58239,4,mosaic-track-4,5095,0
2020-07-10T12:00:00,81.50622,2.36885,4,mosaic-track-4,5239,0
2020-07-11T12:00:00,81.4458,1.53678,4,mosaic-track-4,5383,0
2020-07-12T12:00:00,81.44365,0.49066,4,mosaic-track-4,5527,0
2020-07-13T12:00:00,81.41587,0.2988,4,mosaic-track-4,5671,0
2020-07-14T12:00:00,81.37765,0.25372,4,mosaic-track-4,5815,0
2020-07-15T12:00:00,81.29746,0.32034,4,mosaic-track-4,5959,0
2020-07-16T12:00:00,81.22752,0.28859,4,mosaic-track-4,6103,0
2020-07-17T12:00:00,81.14603,0.35671,4,mosaic-track-4,6247,0
2020-07-18T12:00:00,81.04119,0.43045,4,mosaic-track-4,6391,0
2020-07-19T12:00:00,80.88729,-0.17386,4,mosaic-track-4,6535,0
2020-07-20T12:00:00,80.75365,-0.5036,4,mosaic-track-4,6679,0
2020-07-21T12:00:00,80.60545,-0.57297,4,mosaic-track-4,6823,0
2020-07-22T12:00:00,80.47801,-0.55678,4,mosaic-track-4,6967,0
2020-07-23T12:00:00,80.34638,-0.64287,4,mosaic-track-4,7111,0
2020-07-24T12:00:00,80.19291,-0.5818,4,mosaic-track-4,7255,0
2020-07-25T12:00:00,79.94176,-0.77771,4,mosaic-track-4,7399,0
2020-07-26T12:00:00,79.79126,-1.76097,4,mosaic-track-4,7543,0
2020-07-27T12:00:00,79.5889,-2.29499,4,mosaic-track-4,7687,0
2020-07-28T12:00:00,79.35989,-2.68859,4,mosaic-track-4,7831,0
2020-07-29T12:00:00,79.18616,-2.59049,4,mosaic-track-4,7975,0
2020-07-30T12:00:00,79.09809,-2.43348,4,mosaic-track-4,8119,0
2020-07-31T12:00:00,79.04947,-3.02375,4,mosaic-track-4,8263,0
2020-08-01T12:00:00,78.81819,-2.42344,4,mosaic-track-4,8407,0
2020-08-02T12:00:00,79.03978,-2.72149,4,mosaic-track-4,8551,0
2020-08-03T12:00:00,78.63636,-4.34209,4,mosaic-track-4,8695,0
2020-08-04T12:00:00,79.03181,-3.17541,4,mosaic-track-4,8839,0
2020-08-05T12:00:00,78.5814,-1.64933,4,mosaic-track-4,8983,0
2020-08-06T12:00:00,78.35134,-7.26415,4,mosaic-track-4,9127,0
2020-08-07T12:00:00,79.76036,-4.95555,4,mosaic-track-4,9271,0
2020-08-08T12:00:00,79.88789,-3.76286,4,mosaic-track-4,9415,0
2020-08-09T12:00:00,79.88058,-4.65754,4,mosaic-track-4,9559,0
2020-08-10T12:00:00,79.90477,-5.5105,4,mosaic-track-4,9703,0
2020-08-11T12:00:00,79.96011,-5.80783,4,mosaic-track-4,9847,0
2020-08-12T12:00:00,80.07895,-6.16269,5,mosaic-track-5,34,0
2020-08-13T12:00:00,80.68746,-6.65826,5,mosaic-track-5,178,0
2020-08-14T12:00:00,83.03559,-8.68069,5,mosaic-track-5,322,0
2020-08-15T12:00:00,85.19999,-15.71677,5,mosaic-track-5,466,0
2020-08-16T12:00:00,86.70256,-29.34884,5,mosaic-track-5,610,0
2020-08-17T12:00:00,88.18223,-36.06028,5,mosaic-track-5,754,0
2020-08-18T12:00:00,88.99798,-35.86339,5,mosaic-track-5,898,0
2020-08-19T12:00:00,89.99572,147.66906,5,mosaic-track-5,1042,0
2020-08-20T12:00:00,88.91417,104.71355,5,mosaic-track-5,1186,0
2020-08-21T12:00:00,87.73935,104.25656,5,mosaic-track-5,1330,0
2020-08-22T12:00:00,87.75327,104.57537,5,mosaic-track-5,1474,0
2020-08-23T12:00:00,87.76077,106.05751,5,mosaic-track-5,1618,0
2020-08-24T12:00:00,87.77037,105.63362,5,mosaic-track-5,1762,0
2020-08-25T12:00:00,87.78127,104.51128,5,mosaic-track-5,1906,0
2020-08-26T12:00:00,87.85246,105.18268,5,mosaic-track-5,2050,0
2020-08-27T12:00:00,87.95639,107.71856,5,mosaic-track-5,2194,0
2020-08-28T12:00:00,88.04221,108.90667,5,mosaic-track-5,2338,0
2020-08-29T12:00:00,88.11901,109.51107,5,mosaic-track-5,2482,0
2020-08-30T12:00:00,88.23308,112.34963,5,mosaic-track-5,2626,0
2020-08-31T12:00:00,88.29667,114.13886,5,mosaic-track-5,2770,0
2020-09-01T12:00:00,88.35826,115.81083,5,mosaic-track-5,2914,0
2020-09-02T12:01:00,88.44752,117.8008,5,mosaic-track-5,3056,0
2020-09-03T12:01:00,88.60015,120.09706,5,mosaic-track-5,3200,0
2020-09-04T12:01:00,88.72504,120.62056,5,mosaic-track-5,3344,0
2020-09-05T12:01:00,88.7463,119.27234,5,mosaic-track-5,3488,0
2020-09-06T12:01:00,88.74627,117.6244,5,mosaic-track-5,3632,0
2020-09-07T12:01:00,88.691,111.7062,5,mosaic-track-5,3776,0
2020-09-08T12:01:00,88.67969,112.95565,5,mosaic-track-5,3920,0
2020-09-09T12:01:00,88.72351,111.01222,5,mosaic-track-5,4064,0
2020-09-10T12:01:00,88.70723,106.81034,5,mosaic-track-5,4208,0
2020-09-11T12:01:00,88.74623,103.75139,5,mosaic-track-5,4352,0
2020-09-12T12:01:00,88.77324,100.86107,5,mosaic-track-5,4496,0
2020-09-13T12:01:00,88.88692,96.06688,5,mosaic-track-5,4640,0
2020-09-14T12:01:00,89.02068,102.16748,5,mosaic-track-5,4784,0
2020-09-15T12:01:00,89.06432,107.12005,5,mosaic-track-5,4928,0
2020-09-16T12:01:00,89.07366,108.76655,5,mosaic-track-5,5072,0
2020-09-17T12:01:00,89.01709,107.11769,5,mosaic-track-5,5216,0
2020-09-18T12:01:00,89.08012,106.79696,5,mosaic-track-5,5360,0
2020-09-19T12:01:00,89.13984,110.19687,5,mosaic-track-5,5504,0
2020-09-20T12:01:00,89.13353,110.3655,5,mosaic-track-5,5648,0
2020-09-21T12:01:00,88.50642,105.15669,5,mosaic-track-5,5792,0
2020-09-22T12:01:00,86.9051,97.99204,5,mosaic-track-5,5936,0
2020-09-23T12:01:00,85.95299,77.78241,5,mosaic-track-5,6080,0
2020-09-24T12:01:00,86.01407,59.39386,5,mosaic-track-5,6224,0
2020-09-25T12:01:00,85.95607,48.4155,5,mosaic-track-5,6368,0
2020-09-26T12:01:00,86.03001,35.53323,5,mosaic-track-5,6512,0
2020-09-27T12:01:00,84.03889,32.20683,5,mosaic-track-5,6656,0
2020-09-28T12:01:00,83.14943,25.20966,5,mosaic-track-5,6800,0
2020-09-29T12:01:00,81.60249,11.77698,5,mosaic-track-5,6944,0
2020-09-30T12:01:00,81.69852,1.43582,5,mosaic-track-5,7088,0
2020-10-01T12:01:00,80.02585,6.9438,5,mosaic-track-5,7232,0
2020-10-02T12:01:00,78.26464,15.25362,5,mosaic-track-5,7376,0
2020-10-03T12:01:00,78.93617,11.93781,5,mosaic-track-5,7520,0
2020-10-04T12:01:00,78.93493,11.93834,5,mosaic-track-5,7664,0
2020-10-05T12:01:00,75.96436,7.31157,5,mosaic-track-5,7808,0
2020-10-06T12:01:00,72.5492,5.54579,5,mosaic-track-5,7952,0
2020-10-07T12:01:00,69.18012,4.6148,5,mosaic-track-5,8096,0
2020-10-08T12:01:00,65.8039,3.82138,5,mosaic-track-5,8240,0
2020-10-09T12:01:00,62.40798,3.17999,5,mosaic-track-5,8384,0
2020-10-10T12:01:00,59.02245,3.87163,5,mosaic-track-5,8528,0
2020-10-11T12:01:00,55.84704,6.17738,5,mosaic-track-5,8672,0
2020-10-12T05:59:00,53.5585,8.55004,5,mosaic-track-5,8780,0
